{"log_dir": "/ssd_scratch/cvit/akshat/raven_eleanor_finetuning/eleanor_full/lightning_logs/version_6", "_timestamp": 1732468634.8031623, "_runtime": 57.527525424957275, "_step": 147, "frontend3D_weight_norm": 683.3550869487226, "frontend_weight_norm": 16.536974726477638, "encoders_weight_norm": 3.833707069134107, "encoder_weight_norm": 3.7423510548251215, "decoder_weight_norm": 9.83604695647955, "ctc_weight_norm": 249.72809478640556, "model_weight_norm": 4.030176114611095, "frontend3D_grad_norm": 0.0, "frontend_grad_norm": 0.0, "encoders_grad_norm": 0.0, "encoder_grad_norm": 0.0, "decoder_grad_norm": 0.0, "ctc_grad_norm": 0.0, "model_grad_norm": 0.0, "train_loss_epoch": 81.652587890625, "train_loss_ctc_epoch": 146.11538696289062, "train_loss_att_epoch": 74.49005126953125, "train_decoder_acc_epoch": 0.42863598465919495, "train_epoch_time": 2.570061683654785, "epoch": 6.0, "trainer/global_step": 69, "_wandb": {"runtime": 56}}