{"log_dir": "/ssd_scratch/cvit/akshat/raven_eleanor_finetuning/eleanor_full/lightning_logs/version_3", "_timestamp": 1732467910.1181328, "_runtime": 26.76154589653015, "_step": 2, "train_loss_epoch": 91.59697723388672, "train_loss_ctc_epoch": 156.064453125, "train_loss_att_epoch": 84.43392944335938, "train_decoder_acc_epoch": 0.38034623861312866, "train_epoch_time": 1.5703375339508057, "epoch": 1.0, "trainer/global_step": 19, "_wandb": {"runtime": 25}}