{"log_dir": "/ssd_scratch/cvit/akshat/raven_eleanor_finetuning/eleanor_full/lightning_logs/version_2", "_timestamp": 1732467633.7729049, "_runtime": 1168.4818849563599, "_step": 174, "train_loss_epoch": 73.74647521972656, "train_loss_ctc_epoch": 132.07272338867188, "train_loss_att_epoch": 67.26577758789062, "train_decoder_acc_epoch": 0.46627283096313477, "train_epoch_time": 1.460939645767212, "epoch": 173.0, "trainer/global_step": 1739, "_wandb": {"runtime": 1167}}