{"val_wer": 0.41446027159690857, "_timestamp": 1732473760.5151098, "_runtime": 4346.551985740662, "_step": 14587, "log_dir": "/ssd_scratch/cvit/akshat/raven_eleanor_finetuning/eleanor_full/lightning_logs/version_11", "frontend3D_weight_norm": 488.82910050451756, "frontend_weight_norm": 11.026480933651328, "encoders_weight_norm": 9.888123713608366, "encoder_weight_norm": 8.083482498477679, "decoder_weight_norm": 23.239870643010363, "ctc_weight_norm": 298.35954774171114, "model_weight_norm": 9.59818407864077, "frontend3D_grad_norm": 4112.428054213524, "frontend_grad_norm": 29.632683435920626, "encoders_grad_norm": 2.5486676804575836, "encoder_grad_norm": 22.463747882284224, "decoder_grad_norm": 2.8840252070949646, "ctc_grad_norm": 6.796608431614004, "model_grad_norm": 14.890331840433646, "train_loss_epoch": 28.14057731628418, "train_loss_ctc_epoch": 71.56262969970703, "train_loss_att_epoch": 23.31591796875, "train_decoder_acc_epoch": 0.8295960426330566, "train_epoch_time": 319.2155456542969, "epoch": 12.0, "trainer/global_step": 6759}