{"log_dir": "/ssd_scratch/cvit/akshat/raven_eleanor_finetuning/eleanor_full/lightning_logs/version_1", "_timestamp": 1732466260.2149332, "_runtime": 2021.966387271881, "_step": 8, "train_loss_epoch": 81.96013641357422, "train_loss_ctc_epoch": 139.57992553710938, "train_loss_att_epoch": 75.5578842163086, "train_decoder_acc_epoch": 0.3840930461883545, "train_epoch_time": 246.146240234375, "epoch": 7.0, "trainer/global_step": 4159, "_wandb": {"runtime": 2113}}