{"log_dir": "/ssd_scratch/cvit/akshat/raven_eleanor_finetuning/eleanor_full/lightning_logs/version_8", "_timestamp": 1732468819.4472404, "_runtime": 15.696583271026611, "_step": 3, "frontend3D_weight_norm": 682.6872122474015, "frontend_weight_norm": 16.52236096560955, "encoders_weight_norm": 3.8300199776131194, "encoder_weight_norm": 3.7387594602478202, "decoder_weight_norm": 9.826383575273212, "ctc_weight_norm": 249.51549130491912, "model_weight_norm": 4.026263468404068, "frontend3D_grad_norm": 84891.39378070831, "frontend_grad_norm": 241.13658582791686, "encoders_grad_norm": 1.4960585303924745, "encoder_grad_norm": 11.350875865900889, "decoder_grad_norm": 0.6586190579582762, "ctc_grad_norm": 10.025270057667512, "model_grad_norm": 7.803640983183868, "_wandb": {"runtime": 21}}