{"log_dir": "/ssd_scratch/cvit/akshat/raven_eleanor_finetuning/eleanor_full/lightning_logs/version_9", "_timestamp": 1732469215.3274174, "_runtime": 52.92654848098755, "_step": 172, "frontend3D_weight_norm": 619.6407484821975, "frontend_weight_norm": 13.997437235957477, "encoders_weight_norm": 12.499649528763257, "encoder_weight_norm": 10.222009223070927, "decoder_weight_norm": 29.378066756180488, "ctc_weight_norm": 371.6223582159728, "model_weight_norm": 12.126698493375443, "frontend3D_grad_norm": 752.9985159635544, "frontend_grad_norm": 3.4797099033312406, "encoders_grad_norm": 0.3989468666532048, "encoder_grad_norm": 1.5820078260730952, "decoder_grad_norm": 0.8202191565942485, "ctc_grad_norm": 5.490168859978439, "model_grad_norm": 1.0819139788509347, "train_loss_epoch": 14.35900592803955, "train_loss_ctc_epoch": 103.61802673339844, "train_loss_att_epoch": 4.441338062286377, "train_decoder_acc_epoch": 0.9827109575271606, "train_epoch_time": 2.9618918895721436, "epoch": 7.0, "trainer/global_step": 79, "_wandb": {"runtime": 51}}