{"log_dir": "/ssd_scratch/cvit/akshat/raven_eleanor_finetuning/eleanor_full/lightning_logs/version_16", "_timestamp": 1732473605.162491, "_runtime": 2146.81120800972, "_step": 4169, "frontend3D_weight_norm": 529.1321431286633, "frontend_weight_norm": 11.92804120364599, "encoders_weight_norm": 10.700906386773568, "encoder_weight_norm": 8.747570063860621, "decoder_weight_norm": 25.160014047287405, "ctc_weight_norm": 320.36483753472567, "model_weight_norm": 10.386041140009183, "frontend3D_grad_norm": 14165.522530674934, "frontend_grad_norm": 37.02572576003149, "encoders_grad_norm": 2.958873665193096, "encoder_grad_norm": 17.64890293998178, "decoder_grad_norm": 3.1397271413879935, "ctc_grad_norm": 5.5949390116438735, "model_grad_norm": 11.720964721462224, "epoch": 2, "wer_test_epoch": 0.5551794177386594, "wer_val1_epoch": 0.5329787234042553, "train_loss_epoch": 40.928802490234375, "train_loss_ctc_epoch": 88.12007141113281, "train_loss_att_epoch": 35.68532180786133, "train_decoder_acc_epoch": 0.6840634346008301, "train_epoch_time": 626.789794921875, "trainer/global_step": 1559}