{"log_dir": "/ssd_scratch/cvit/akshat/raven_eleanor_finetuning/eleanor_full/lightning_logs/version_13", "_timestamp": 1732471228.3858721, "_runtime": 167.32478022575378, "_step": 1040, "frontend3D_weight_norm": 617.8042967803776, "frontend_weight_norm": 13.889702131564263, "encoders_weight_norm": 12.482300917326938, "encoder_weight_norm": 10.202232260780875, "decoder_weight_norm": 29.39078513009008, "ctc_weight_norm": 370.3330585267395, "model_weight_norm": 12.120985957153607, "frontend3D_grad_norm": 4158.603493124247, "frontend_grad_norm": 25.381063096574508, "encoders_grad_norm": 1.9374792827875353, "encoder_grad_norm": 14.917653061274905, "decoder_grad_norm": 3.2915665997279575, "ctc_grad_norm": 6.254421350604389, "model_grad_norm": 9.928163308359217, "_wandb": {"runtime": 179}}